{"initial_reset_timestamp": 1603460066.943063, "timestamps": [1603460083.2842844, 1603460093.7245388, 1603460105.344168, 1603460143.7068982, 1603460168.558137], "episode_lengths": [12, 7, 9, 26, 17], "episode_rewards": [8.799999999999999, 5.222222222222222, 7.733333333333333, 22.088888888888892, 14.755555555555558], "episode_rewards_": [[0.9333333333333332, 0.7999999999999999, 0.6666666666666666, 0.7999999999999999, 0.9333333333333332, 0.7999999999999999, 0.9333333333333332, 0.7999999999999999, 0.6666666666666666, 0.7999999999999999, 0.6666666666666666, 0.0], [0.9555555555555556, 0.8222222222222223, 0.9555555555555556, 0.9555555555555556, 0.8222222222222223, 0.688888888888889, 0.022222222222222216], [0.9777777777777779, 0.9777777777777779, 0.9777777777777779, 0.9777777777777779, 0.8444444444444444, 0.9777777777777779, 0.8444444444444444, 0.9777777777777779, 0.17777777777777773], [0.9777777777777779, 0.8444444444444444, 0.9777777777777779, 0.9777777777777779, 0.9777777777777779, 0.9777777777777779, 0.8444444444444444, 0.7111111111111111, 0.7111111111111111, 0.8444444444444444, 0.9777777777777779, 0.8444444444444444, 0.7111111111111111, 0.7111111111111111, 0.8444444444444444, 0.9777777777777779, 0.9777777777777779, 0.9777777777777779, 0.9777777777777779, 0.9777777777777779, 0.9777777777777779, 0.9777777777777779, 0.8444444444444444, 0.7111111111111111, 0.7111111111111111, 0.04444444444444443], [0.8444444444444444, 0.7111111111111111, 0.8444444444444444, 0.7111111111111111, 0.8444444444444444, 0.9777777777777779, 0.9777777777777779, 0.9777777777777779, 0.9777777777777779, 0.9777777777777779, 0.9777777777777779, 0.8444444444444444, 0.9777777777777779, 0.9777777777777779, 0.8444444444444444, 0.9777777777777779, 0.3111111111111111]], "episode_seeds": [690892207773950736, 1200940209138138884, 16241851226646604498, 14278538234027360135, 16285049573497866171], "episode_types": ["t", "t", "t", "t", "t"], "episode_velocity": [[29.1455588268693, 21.562868402593203, 11.97595816853353, 18.628785656854397, 28.056793255344406, 21.3768111761536, 28.52639848504503, 21.457061184828344, 11.95787695987899, 18.62569579102751, 11.474029926150818, 4.14110606259359], [29.1455588268693, 21.562868402593203, 28.558193476010725, 29.753612228443025, 21.66677757494656, 11.99371502355846, 1.1284430186221035], [29.1455588268693, 29.853986056331806, 29.975047934935745, 29.995735985650892, 21.70815367637686, 28.58302101996479, 21.466737309860836, 28.54176580328101, 20.948590330148388], [29.1455588268693, 21.562868402593203, 28.558193476010725, 29.753612228443025, 29.95789522868516, 29.99280478996067, 21.707652769520017, 12.000700113399118, 10.341896110395094, 18.34954367646956, 28.009074086282933, 21.368656531594855, 11.942769644755185, 10.331996474877466, 18.34785194523251, 28.00878498931837, 29.65972478206354, 29.94185096871981, 29.990063014699306, 29.99830188612446, 29.99970981231762, 29.99995041033925, 21.708873871971825, 12.000908785441403, 10.341931769992017, 0.012042618919703004], [20.8544411731307, 11.854896289929595, 18.608097606139243, 11.471022603402638, 18.542498109529223, 28.042047728711786, 29.665408992877317, 29.942822333471025, 29.990229009506823, 29.99833025268407, 29.99971465982891, 21.708833584983296, 28.583137208346255, 29.75787481882683, 21.667506001492185, 28.57607481056209, 23.28814630663248]], "episode_crashed": [[false, false, false, false, false, false, false, false, false, false, false, true], [false, false, false, false, false, false, true], [false, false, false, false, false, false, false, false, true], [false, false, false, false, false, false, false, false, false, false, false, false, false, false, false, false, false, false, false, false, false, false, false, false, false, true], [false, false, false, false, false, false, false, false, false, false, false, false, false, false, false, false, true]], "episode_action": [[3, 4, 4, 3, 3, 4, 3, 4, 4, 3, 4, 4], [3, 4, 3, 3, 4, 4, 4], [3, 3, 3, 3, 4, 3, 4, 3, 4], [3, 4, 3, 3, 3, 3, 4, 4, 4, 3, 3, 4, 4, 4, 3, 3, 3, 3, 3, 3, 3, 3, 4, 4, 4, 4], [4, 4, 3, 4, 3, 3, 3, 3, 3, 3, 3, 4, 3, 3, 4, 3, 3]], "episode_cost": [[0.0, 0.0, 0.0, 0.0, 0.0, 0.0, 0.0, 0.0, 0.0, 0.0, 0.0, 1.0], [0.0, 0.0, 0.0, 0.0, 0.0, 0.0, 1.0], [0.0, 0.0, 0.0, 0.0, 0.0, 0.0, 0.0, 0.0, 1.0], [0.0, 0.0, 0.0, 0.0, 0.0, 0.0, 0.0, 0.0, 0.0, 0.0, 0.0, 0.0, 0.0, 0.0, 0.0, 0.0, 0.0, 0.0, 0.0, 0.0, 0.0, 0.0, 0.0, 0.0, 0.0, 1.0], [0.0, 0.0, 0.0, 0.0, 0.0, 0.0, 0.0, 0.0, 0.0, 0.0, 0.0, 0.0, 0.0, 0.0, 0.0, 0.0, 1.0]]}