{"initial_reset_timestamp": 1603613987.6547184, "timestamps": [1603614075.55157, 1603614100.2990065], "episode_lengths": [60, 18], "episode_rewards": [55.744047619047606, 15.577380952380956], "episode_rewards_": [[1.0446428571428572, 0.9553571428571429, 0.9940476190476191, 0.9047619047619048, 0.9047619047619048, 0.9047619047619048, 0.9553571428571429, 0.9107142857142857, 0.9553571428571429, 0.9553571428571429, 0.9553571428571429, 0.9553571428571429, 0.949404761904762, 0.9553571428571429, 0.9107142857142857, 0.9107142857142857, 0.9107142857142857, 0.9107142857142857, 0.9107142857142857, 0.949404761904762, 0.9047619047619048, 0.9047619047619048, 0.9047619047619048, 0.943452380952381, 0.949404761904762, 0.9553571428571429, 0.9107142857142857, 0.9107142857142857, 0.9107142857142857, 0.9107142857142857, 0.9107142857142857, 0.949404761904762, 0.9047619047619048, 0.943452380952381, 0.949404761904762, 0.943452380952381, 0.949404761904762, 0.9047619047619048, 0.9047619047619048, 0.9047619047619048, 0.9047619047619048, 0.9047619047619048, 0.9553571428571429, 0.9107142857142857, 0.9107142857142857, 0.9107142857142857, 0.9553571428571429, 1.0, 0.9107142857142857, 0.9107142857142857, 0.9553571428571429, 0.9107142857142857, 0.9553571428571429, 0.9107142857142857, 0.9107142857142857, 0.9107142857142857, 0.9107142857142857, 0.9107142857142857, 0.9107142857142857, 0.9107142857142857], [0.943452380952381, 0.8988095238095238, 0.8988095238095238, 0.9375000000000001, 0.9375000000000001, 0.8928571428571429, 0.8928571428571429, 0.943452380952381, 0.943452380952381, 0.8988095238095238, 0.949404761904762, 0.9047619047619048, 0.9047619047619048, 0.9047619047619048, 0.9047619047619048, 0.9047619047619048, 0.9047619047619048, 0.011904761904761862]], "episode_seeds": [16352867551334255975, 13418303129084511394], "episode_types": ["t", "t", "t"], "episode_velocity": [[29.1455588268693, 21.562868402593203, 20.26707582227213, 11.75452246204081, 10.299827246150063, 10.051236948787402, 10.008755791725909, 10.001496261790795, 10.000255693535967, 10.000043695016965, 10.00000746696431, 10.00000127601635, 10.000000218056183, 10.000000037263238, 10.000000006367848, 10.000000001088189, 10.000000000185958, 10.000000000031777, 10.000000000005429, 10.000000000000927, 10.000000000000158, 10.000000000000028, 10.000000000000007, 10.000000000000007, 10.000000000000007, 10.000000000000007, 10.000000000000007, 10.000000000000007, 10.000000000000007, 10.000000000000007, 10.000000000000007, 10.000000000000007, 10.000000000000007, 10.000000000000007, 10.000000000000007, 10.000000000000007, 10.000000000000007, 10.000000000000007, 10.000000000000007, 10.000000000000007, 10.000000000000007, 10.000000000000007, 10.000000000000007, 10.000000000000007, 10.000000000000007, 10.000000000000007, 18.2911176537386, 19.70797211266361, 11.658978216132885, 10.283499858638173, 18.339564444098034, 11.42513344540284, 10.24353853859156, 10.041617870923341, 10.007112004490986, 10.001215357892118, 10.000207690364626, 10.00003549183976, 10.00000606513784, 10.000005391233636], [20.8544411731307, 11.854896289929595, 10.316979952400647, 10.054168144477625, 10.009256698582755, 10.001581860879273, 10.000270321413081, 10.000046194749064, 18.291125547877716, 11.416855807940513, 10.242123987738745, 10.041376140825315, 10.00707069566128, 10.001208298699133, 10.000206484031596, 10.00003528569164, 10.000006029909551, -0.12512718681626706]], "episode_crashed": [[false, false, false, false, false, false, false, false, false, false, false, false, false, false, false, false, false, false, false, false, false, false, false, false, false, false, false, false, false, false, false, false, false, false, false, false, false, false, false, false, false, false, false, false, false, false, false, false, false, false, false, false, false, false, false, false, false, false, false, false], [false, false, false, false, false, false, false, false, false, false, false, false, false, false, false, false, false, true]], "episode_action": [[2, 4, 0, 4, 4, 4, 2, 4, 2, 2, 2, 2, 0, 2, 4, 4, 4, 4, 4, 0, 4, 4, 4, 0, 2, 2, 4, 4, 4, 4, 4, 0, 4, 0, 2, 0, 2, 4, 4, 4, 4, 4, 2, 4, 4, 4, 3, 2, 4, 4, 3, 4, 2, 4, 4, 4, 4, 4, 4, 4], [4, 4, 4, 0, 0, 4, 4, 2, 3, 4, 2, 4, 4, 4, 4, 4, 4, 4]], "episode_cost": [[0.0, 0.0, 0.0, 0.0, 0.0, 0.0, 0.0, 0.0, 0.0, 0.0, 0.0, 0.0, 0.0, 0.0, 0.0, 0.0, 0.0, 0.0, 0.0, 0.0, 0.0, 0.0, 0.0, 0.0, 0.0, 0.0, 0.0, 0.0, 0.0, 0.0, 0.0, 0.0, 0.0, 0.0, 0.0, 0.0, 0.0, 0.0, 0.0, 0.0, 0.0, 0.0, 0.0, 0.0, 0.0, 0.0, 0.0, 0.0, 0.0, 0.0, 0.0, 0.0, 0.0, 0.0, 0.0, 0.0, 0.0, 0.0, 0.0, 0.0], [0.0, 0.0, 0.0, 0.0, 0.0, 0.0, 0.0, 0.0, 0.0, 0.0, 0.0, 0.0, 0.0, 0.0, 0.0, 0.0, 0.0, 1.0]]}