{"initial_reset_timestamp": 1603625840.429253, "timestamps": [1603625879.3627927, 1603625896.6155415, 1603625985.1944616, 1603625999.7645931, 1603626040.2249286, 1603626133.5325208, 1603626221.047323, 1603626252.3501368, 1603626344.3622432, 1603626439.169009], "episode_lengths": [19, 8, 40, 7, 19, 40, 40, 14, 40, 40], "episode_rewards": [14.75555555555556, 7.022222222222222, 34.622222222222234, 5.6000000000000005, 15.533333333333335, 33.488888888888894, 35.02222222222223, 12.26666666666667, 35.57777777777778, 34.64444444444445], "episode_rewards_": [[1.0, 0.8666666666666667, 0.8666666666666667, 0.7333333333333334, 0.7333333333333334, 0.7333333333333334, 0.7333333333333334, 0.7333333333333334, 0.7333333333333334, 0.8666666666666667, 0.7333333333333334, 0.8666666666666667, 0.8666666666666667, 0.8666666666666667, 0.8444444444444444, 0.8222222222222223, 0.7999999999999999, 0.7999999999999999, 0.15555555555555559], [0.9777777777777779, 0.8444444444444444, 0.8666666666666667, 1.0, 1.0, 1.0, 1.0, 0.3333333333333333], [0.9555555555555556, 0.8222222222222223, 0.8444444444444444, 0.7111111111111111, 0.7111111111111111, 0.8444444444444444, 0.7111111111111111, 0.7333333333333334, 0.8666666666666667, 0.8666666666666667, 0.8666666666666667, 0.8666666666666667, 0.8666666666666667, 0.7333333333333334, 0.8666666666666667, 1.0, 1.0, 1.0, 1.0, 0.8666666666666667, 0.7333333333333334, 0.7333333333333334, 0.7333333333333334, 0.8666666666666667, 0.7333333333333334, 0.8666666666666667, 0.7333333333333334, 0.7111111111111111, 0.8444444444444444, 0.9777777777777779, 0.9777777777777779, 0.9777777777777779, 1.0, 1.0, 1.0, 0.8666666666666667, 1.0, 0.8666666666666667, 1.0, 0.8666666666666667], [0.9555555555555556, 0.9777777777777779, 1.0, 1.0, 0.8666666666666667, 0.7333333333333334, 0.06666666666666665], [0.7999999999999999, 0.6666666666666666, 0.688888888888889, 0.688888888888889, 0.688888888888889, 0.688888888888889, 0.7111111111111111, 0.7333333333333334, 0.8666666666666667, 1.0, 1.0, 1.0, 0.9777777777777779, 0.9555555555555556, 0.9333333333333332, 0.9333333333333332, 0.9333333333333332, 0.9555555555555556, 0.3111111111111111], [0.9777777777777779, 0.8444444444444444, 0.8666666666666667, 0.7333333333333334, 0.7333333333333334, 0.7333333333333334, 0.7333333333333334, 0.8666666666666667, 0.7333333333333334, 0.8666666666666667, 0.7333333333333334, 0.8666666666666667, 1.0, 1.0, 1.0, 1.0, 1.0, 0.8666666666666667, 0.8666666666666667, 0.8666666666666667, 0.8666666666666667, 0.8666666666666667, 0.8666666666666667, 0.7333333333333334, 0.7333333333333334, 0.8666666666666667, 0.7333333333333334, 0.8666666666666667, 1.0, 1.0, 0.9777777777777779, 0.9555555555555556, 0.9333333333333332, 0.7999999999999999, 0.6666666666666666, 0.6666666666666666, 0.6666666666666666, 0.6666666666666666, 0.6666666666666666, 0.6666666666666666], [0.7999999999999999, 0.6666666666666666, 0.688888888888889, 0.7111111111111111, 0.8444444444444444, 0.8666666666666667, 1.0, 1.0, 1.0, 1.0, 1.0, 1.0, 0.8666666666666667, 0.7333333333333334, 0.8666666666666667, 1.0, 1.0, 0.9777777777777779, 0.9555555555555556, 0.9777777777777779, 0.8444444444444444, 0.7111111111111111, 0.7111111111111111, 0.7111111111111111, 0.7111111111111111, 0.8444444444444444, 0.8666666666666667, 1.0, 1.0, 1.0, 0.8666666666666667, 0.7333333333333334, 0.7333333333333334, 0.8666666666666667, 1.0, 1.0, 0.8666666666666667, 0.8666666666666667, 0.8666666666666667, 0.8666666666666667], [0.8666666666666667, 1.0, 0.8666666666666667, 0.7333333333333334, 0.8666666666666667, 1.0, 1.0, 0.8666666666666667, 1.0, 1.0, 0.8666666666666667, 1.0, 0.8666666666666667, 0.3333333333333333], [0.8222222222222223, 0.8444444444444444, 0.8222222222222223, 0.688888888888889, 0.688888888888889, 0.688888888888889, 0.8222222222222223, 0.7999999999999999, 0.7999999999999999, 0.6666666666666666, 0.688888888888889, 0.7111111111111111, 0.7333333333333334, 0.8666666666666667, 0.8666666666666667, 0.8666666666666667, 0.8666666666666667, 0.8444444444444444, 0.8222222222222223, 0.9555555555555556, 0.9777777777777779, 1.0, 1.0, 1.0, 1.0, 1.0, 0.8666666666666667, 1.0, 1.0, 1.0, 1.0, 1.0, 1.0, 1.0, 1.0, 1.0, 1.0, 1.0, 1.0, 0.8666666666666667], [0.9333333333333332, 0.9333333333333332, 0.9333333333333332, 0.9333333333333332, 0.9333333333333332, 0.9555555555555556, 0.8222222222222223, 0.688888888888889, 0.688888888888889, 0.688888888888889, 0.6666666666666666, 0.7999999999999999, 0.9333333333333332, 0.7999999999999999, 0.6666666666666666, 0.7999999999999999, 0.9333333333333332, 0.9333333333333332, 0.9333333333333332, 0.9333333333333332, 0.9333333333333332, 0.9333333333333332, 0.9333333333333332, 0.9555555555555556, 0.8222222222222223, 0.8222222222222223, 0.8222222222222223, 0.8444444444444444, 0.8666666666666667, 0.8666666666666667, 0.8666666666666667, 0.8666666666666667, 0.8666666666666667, 0.8666666666666667, 0.8666666666666667, 1.0, 1.0, 0.8666666666666667, 0.8666666666666667, 0.8666666666666667]], "episode_seeds": [1874416801201642674, 12751038933159716042, 10714963174598572243, 4341032717405731148, 5146220379130042507, 3333055066146796597, 3501707219776604288, 1348232763994280362, 16295197103029404328, 9480308920629980389], "episode_types": ["t", "t", "t", "t", "t", "t", "t", "t", "t", "t"],