{"initial_reset_timestamp": 1603700177.3659542, "timestamps": [1603700184.64733, 1603700187.305247, 1603700265.2511272, 1603700283.4321845, 1603700315.8628216, 1603700400.6997507, 1603700516.3104622, 1603700628.452821, 1603700728.2045584, 1603700857.773767], "episode_lengths": [4, 2, 38, 9, 16, 40, 40, 40, 40, 40], "episode_rewards": [2.8333333333333335, 1.175925925925926, 29.472222222222236, 8.11111111111111, 13.101851851851857, 30.47222222222224, 33.3888888888889, 35.01851851851852, 33.0, 34.75], "episode_rewards_": [[0.7500000000000001, 0.9444444444444445, 0.7500000000000001, 0.3888888888888889], [0.9629629629629631, 0.21296296296296297], [0.8055555555555556, 0.6111111111111113, 0.8055555555555556, 1.0, 1.0, 0.8055555555555556, 0.6111111111111113, 0.8055555555555556, 1.0, 0.8055555555555556, 0.6111111111111113, 0.8055555555555556, 1.0, 1.0, 0.8055555555555556, 1.0, 1.0, 0.8055555555555556, 0.6111111111111113, 0.6111111111111113, 0.6111111111111113, 0.6111111111111113, 0.8055555555555556, 1.0, 1.0, 0.8055555555555556, 0.6111111111111113, 0.8055555555555556, 0.8055555555555556, 0.8055555555555556, 0.8055555555555556, 0.8055555555555556, 0.8055555555555556, 0.8055555555555556, 0.6111111111111113, 0.6111111111111113, 0.6111111111111113, 0.055555555555555546], [0.9629629629629631, 0.9629629629629631, 0.9629629629629631, 0.9629629629629631, 0.9629629629629631, 0.9629629629629631, 0.9629629629629631, 0.9629629629629631, 0.40740740740740744], [0.9629629629629631, 0.9629629629629631, 0.7685185185185186, 0.9629629629629631, 0.9629629629629631, 0.9629629629629631, 0.9629629629629631, 0.9629629629629631, 0.9629629629629631, 0.7685185185185186, 0.9629629629629631, 0.9629629629629631, 0.7685185185185186, 0.5740740740740742, 0.5740740740740742, 0.018518518518518517], [0.8055555555555556, 0.6111111111111113, 0.8055555555555556, 1.0, 1.0, 0.8055555555555556, 1.0, 0.8055555555555556, 0.6111111111111113, 0.8055555555555556, 1.0, 0.8055555555555556, 0.6111111111111113, 0.8055555555555556, 1.0, 0.8055555555555556, 0.6111111111111113, 0.6111111111111113, 0.6111111111111113, 0.6111111111111113, 0.6111111111111113, 0.6111111111111113, 0.6111111111111113, 0.6111111111111113, 0.6111111111111113, 0.6111111111111113, 0.6111111111111113, 0.8055555555555556, 0.8055555555555556, 0.8055555555555556, 0.8055555555555556, 0.8055555555555556, 0.8055555555555556, 0.8055555555555556, 0.8055555555555556, 0.8055555555555556, 0.8055555555555556, 0.8055555555555556, 0.8055555555555556, 0.8055555555555556], [0.8055555555555556, 0.6111111111111113, 0.8055555555555556, 1.0, 1.0, 1.0, 0.8055555555555556, 0.6111111111111113, 0.6111111111111113, 0.6111111111111113, 0.6111111111111113, 0.8055555555555556, 1.0, 1.0, 1.0, 1.0, 1.0, 1.0, 1.0, 0.8055555555555556, 0.6111111111111113, 0.8055555555555556, 1.0, 0.8055555555555556, 0.6111111111111113, 0.8055555555555556, 0.6111111111111113, 0.8055555555555556, 0.6111111111111113, 0.6111111111111113, 0.6111111111111113, 0.6111111111111113, 0.8055555555555556, 1.0, 1.0, 1.0, 1.0, 1.0, 1.0, 1.0], [0.9629629629629631, 0.9629629629629631, 0.9629629629629631, 0.9629629629629631, 0.9629629629629631, 0.7685185185185186, 0.9629629629629631, 0.9629629629629631, 0.9629629629629631, 0.9629629629629631, 0.9629629629629631, 0.9629629629629631, 0.9629629629629631, 0.7685185185185186, 0.5740740740740742, 0.7685185185185186, 0.9629629629629631, 0.9629629629629631, 0.7685185185185186, 0.5740740740740742, 0.7685185185185186, 0.9629629629629631, 0.7685185185185186, 0.5740740740740742, 0.7685185185185186, 0.9629629629629631, 0.7685185185185186, 0.9629629629629631, 0.9629629629629631, 0.9629629629629631, 0.7685185185185186, 0.9629629629629631, 0.9629629629629631, 0.9629629629629631, 0.9629629629629631, 0.7685185185185186, 0.9629629629629631, 0.7685185185185186, 0.9629629629629631, 0.7685185185185186], [0.8055555555555556, 0.6111111111111113, 0.8055555555555556, 0.6111111111111113, 0.8055555555555556, 0.6111111111111113, 0.8055555555555556, 1.0, 1.0, 0.8055555555555556, 0.6111111111111113, 0.6111111111111113, 0.6111111111111113, 0.6111111111111113, 0.6111111111111113, 0.6111111111111113, 0.6111111111111113, 0.6111111111111113, 0.6111111111111113, 0.6111111111111113, 0.6111111111111113, 0.6111111111111113, 0.8055555555555556, 1.0, 1.0, 1.0, 1.0, 1.0, 1.0, 1.0, 1.0, 1.0, 1.0, 1.0, 1.0, 1.0, 1.0, 1.0, 1.0, 1.0], [0.8055555555555556, 1.0, 0.8055555555555556, 1.0, 0.8055555555555556, 1.0, 0.8055555555555556, 0.6111111111111113, 0.6111111111111113, 0.6111111111111113, 0.8055555555555556, 0.8055555555555556, 0.8055555555555556, 0.8055555555555556, 0.8055555555555556, 0.8055555555555556, 0.8055555555555556, 0.8055555555555556, 0.8055555555555556, 0.8055555555555556, 0.6111111111111113, 0.6111111111111113, 0.6111111111111113, 0.8055555555555556, 1.0, 1.0, 1.0, 1.0, 1.0, 1.0, 1.0, 1.0, 1.0, 1.0, 1.0, 1.0, 1.0, 1.0, 1.0, 1.0]], "episode_seeds": [6434480935817156742, 15898557882958381682, 6623055975916194302, 16673181381477982683, 18210364181022786757, 5838775858202172225, 5427879382446122752, 12096718276305563329, 5575003885639394573, 12435172653302426103], "episode_types": ["t", "t", "t", "t", "t", "t", "t", "t", "t", "t"],